<?xml version="1.0" encoding="UTF-8"?>
<project-private xmlns="http://www.netbeans.org/ns/project-private/1">
    <editor-bookmarks xmlns="http://www.netbeans.org/ns/editor-bookmarks/2" lastBookmarkId="0"/>
    <open-files xmlns="http://www.netbeans.org/ns/projectui-open-files/2">
        <group>
            <file>file:/D:/Projetos/NetBeansProjects/JAVA/Matematica/src/matematica/OperacaoMatematica.java</file>
            <file>file:/D:/Projetos/NetBeansProjects/JAVA/Matematica/src/matematica/Soma.java</file>
            <file>file:/D:/Projetos/NetBeansProjects/JAVA/Matematica/src/matematica/Multiplicacao.java</file>
            <file>file:/D:/Projetos/NetBeansProjects/JAVA/Matematica/src/matematica/Divisao.java</file>
            <file>file:/D:/Projetos/NetBeansProjects/JAVA/Matematica/src/matematica/Matematica.java</file>
            <file>file:/D:/Projetos/NetBeansProjects/JAVA/Matematica/src/matematica/Subtracao.java</file>
        </group>
    </open-files>
</project-private>
